{"cameraMode":{"drawMode":0,"name":"Shaded","section":"Shading Mode"},"sceneLighting":false,"audioPlay":false,"sceneViewState":{"m_AlwaysRefresh":false,"showFog":true,"showSkybox":false,"showFlares":true,"showImageEffects":true,"showParticleSystems":true,"showVisualEffectGraphs":true,"m_FxEnabled":true},"in2DMode":false,"pivot":{"x":0.01077166199684143,"y":1.4901161193847657e-8,"z":0.9131778478622437},"rotation":{"x":-0.005465371534228325,"y":0.9414481520652771,"z":-0.33842402696609499,"w":-0.014376564882695675},"size":1.219188928604126,"orthographic":false}