{"cameraMode":{"drawMode":0,"name":"Shaded","section":"Shading Mode"},"sceneLighting":false,"audioPlay":false,"sceneViewState":{"m_AlwaysRefresh":false,"showFog":true,"showSkybox":false,"showFlares":true,"showImageEffects":true,"showParticleSystems":true,"showVisualEffectGraphs":true,"m_FxEnabled":true},"in2DMode":false,"pivot":{"x":0.0018541966564953328,"y":1.115540862083435,"z":0.18160474300384522},"rotation":{"x":0.0010592278558760882,"y":0.9822303652763367,"z":-0.1895124763250351,"w":-0.003151944372802973},"size":0.7986928820610046,"orthographic":false}