{"cameraMode":{"drawMode":0,"name":"Shaded","section":"Shading Mode"},"sceneLighting":false,"audioPlay":false,"sceneViewState":{"m_AlwaysRefresh":false,"showFog":true,"showSkybox":false,"showFlares":true,"showImageEffects":true,"showParticleSystems":true,"showVisualEffectGraphs":true,"m_FxEnabled":true},"in2DMode":false,"pivot":{"x":0.06715062260627747,"y":1.1093645095825196,"z":-0.7019360065460205},"rotation":{"x":0.26424551010131838,"y":0.140639990568161,"z":-0.037950076162815097,"w":0.9539146423339844},"size":0.7065951228141785,"orthographic":false}