{"cameraMode":{"drawMode":0,"name":"Shaded","section":"Shading Mode"},"sceneLighting":false,"audioPlay":false,"sceneViewState":{"m_AlwaysRefresh":false,"showFog":true,"showSkybox":false,"showFlares":true,"showImageEffects":true,"showParticleSystems":true,"showVisualEffectGraphs":true,"m_FxEnabled":true},"in2DMode":false,"pivot":{"x":2.618028163909912,"y":1.2956113815307618,"z":0.3354130983352661},"rotation":{"x":0.12440948933362961,"y":-0.6586328744888306,"z":0.11416458338499069,"w":0.7337684035301209},"size":0.8660253882408142,"orthographic":false}